ts_code,symbol,name,trade_date,open,close,high,low,volume,amount,pct_chg,adjust_type,pb,ps_ttm,total_mv
002202.SZ,002202,金风科技,2024-04-01,7.33,7.42,7.44,7.31,188865.0,144355525.64,1.78,qfq,0.90292066,0.6414154,32364018176.02
002202.SZ,002202,金风科技,2024-04-02,7.66,7.68,7.73,7.57,554161.0,437796975.38,3.5,qfq,0.9335681,0.66318668,33462535764.24
002202.SZ,002202,金风科技,2024-04-03,7.63,7.6,7.68,7.55,262432.0,205509859.43,-1.04,qfq,0.92413812,0.65648782,33124530352.48
002202.SZ,002202,金风科技,2024-04-08,7.56,7.45,7.61,7.45,224234.0,173664921.33,-1.97,qfq,0.9064569,0.64392747,32490770205.43
002202.SZ,002202,金风科技,2024-04-09,7.44,7.6,7.61,7.43,197359.0,154151965.22,2.01,qfq,0.92413812,0.65648782,33124530352.48
002202.SZ,002202,金风科技,2024-04-10,7.56,7.47,7.57,7.44,156356.0,121030166.61,-1.71,qfq,0.9088144,0.64560218,32575271558.37
002202.SZ,002202,金风科技,2024-04-11,7.39,7.52,7.58,7.37,167140.0,129473101.44,0.67,qfq,0.91470814,0.64978897,32786524940.72
002202.SZ,002202,金风科技,2024-04-12,7.52,7.41,7.58,7.4,149436.0,115422850.59,-1.46,qfq,0.90174191,0.64057804,32321767499.55
002202.SZ,002202,金风科技,2024-04-15,7.36,7.44,7.52,7.3,192646.0,147619921.62,0.4,qfq,0.90527816,0.64309011,32448519528.96
002202.SZ,002202,金风科技,2024-04-16,7.36,7.16,7.45,7.15,241420.0,181090862.73,-3.76,qfq,0.87227322,0.61964412,31265500587.8
002202.SZ,002202,金风科技,2024-04-17,7.2,7.44,7.44,7.19,210333.0,159782649.49,3.91,qfq,0.90527816,0.64309011,32448519528.96
002202.SZ,002202,金风科技,2024-04-18,7.44,7.43,7.47,7.36,183556.0,140756316.08,-0.13,qfq,0.90409941,0.64225276,32406268852.49
002202.SZ,002202,金风科技,2024-04-19,7.41,7.2,7.44,7.18,231893.0,174098267.34,-3.1,qfq,0.87698821,0.62299355,31434503293.68
002202.SZ,002202,金风科技,2024-04-22,7.22,7.11,7.27,7.09,189618.0,140162989.86,-1.25,qfq,0.86637949,0.61545734,31054247205.45
002202.SZ,002202,金风科技,2024-04-23,7.12,7.02,7.18,7.02,163051.0,119145980.95,-1.27,qfq,0.85577076,0.60792112,30673991117.22
002202.SZ,002202,金风科技,2024-04-24,7.04,7.07,7.07,6.97,137935.0,100337484.54,0.71,qfq,0.86166449,0.61210791,30885244499.57
002202.SZ,002202,金风科技,2024-04-25,7.03,7.09,7.13,7.0,133101.0,97400260.54,0.28,qfq,0.86402199,0.61378262,30969745852.51
002202.SZ,002202,金风科技,2024-04-26,7.06,7.19,7.2,7.05,181987.0,134216290.09,1.41,qfq,0.87580947,0.62215619,31392252617.21
002202.SZ,002202,金风科技,2024-04-29,7.16,7.6,7.63,7.13,582709.0,450772997.96,5.7,qfq,0.92413812,0.63858533,33124530352.48
002202.SZ,002202,金风科技,2024-04-30,7.58,7.39,7.59,7.32,381671.0,291926120.62,-2.76,qfq,0.89938442,0.62148036,32237266146.61
002202.SZ,002202,金风科技,2024-05-06,7.59,7.61,7.66,7.55,397835.0,312634768.89,2.98,qfq,0.92531687,0.63939985,33166781028.95
002202.SZ,002202,金风科技,2024-05-07,7.62,7.66,7.66,7.52,279415.0,219545620.32,0.66,qfq,0.9312106,0.64347246,33378034411.3
002202.SZ,002202,金风科技,2024-05-08,7.65,7.56,7.71,7.54,223864.0,175924621.48,-1.31,qfq,0.91942313,0.63532724,32955527646.6
002202.SZ,002202,金风科技,2024-05-09,7.53,7.68,7.7,7.53,257777.0,203801987.05,1.59,qfq,0.9335681,0.64510151,33462535764.24
002202.SZ,002202,金风科技,2024-05-10,7.76,7.76,7.8,7.64,386459.0,307981079.74,1.04,qfq,0.94299808,0.65161768,33800541176.0
002202.SZ,002202,金风科技,2024-05-13,7.71,7.8,7.84,7.64,310693.0,248873792.95,0.52,qfq,0.94771307,0.65487577,33969543881.88
002202.SZ,002202,金风科技,2024-05-14,7.82,7.75,7.91,7.73,309880.0,249437011.94,-0.64,qfq,0.94181933,0.65080316,33758290499.53
002202.SZ,002202,金风科技,2024-05-15,7.72,7.65,7.8,7.63,211128.0,167562817.36,-1.29,qfq,0.93003186,0.64265794,33335783734.83
002202.SZ,002202,金风科技,2024-05-16,7.66,7.6,7.74,7.58,191033.0,150696459.84,-0.65,qfq,0.92413812,0.63858533,33124530352.48
002202.SZ,002202,金风科技,2024-05-17,7.61,7.68,7.68,7.55,158519.0,124444771.2,1.05,qfq,0.9335681,0.64510151,33462535764.24
002202.SZ,002202,金风科技,2024-05-20,7.66,7.72,7.79,7.64,196095.0,156381351.84,0.52,qfq,0.93828309,0.64835959,33631538470.12
002202.SZ,002202,金风科技,2024-05-21,7.7,7.65,7.73,7.62,150629.0,119055839.04,-0.91,qfq,0.93003186,0.64265794,33335783734.83
002202.SZ,002202,金风科技,2024-05-22,7.64,7.8,7.8,7.63,235617.0,188170411.96,1.96,qfq,0.94771307,0.65487577,33969543881.88
002202.SZ,002202,金风科技,2024-05-23,7.76,7.61,7.78,7.58,190655.0,150395239.56,-2.44,qfq,0.92531687,0.63939985,33166781028.95
002202.SZ,002202,金风科技,2024-05-24,7.56,7.61,7.71,7.56,177017.0,139609389.64,0.0,qfq,0.92531687,0.63939985,33166781028.95
002202.SZ,002202,金风科技,2024-05-27,7.62,7.66,7.66,7.56,144848.0,113753191.33,0.66,qfq,0.9312106,0.64347246,33378034411.3
002202.SZ,002202,金风科技,2024-05-28,7.64,7.73,7.86,7.63,384951.0,307942390.59,0.91,qfq,0.93946184,0.64917412,33673789146.59
002202.SZ,002202,金风科技,2024-05-29,7.88,7.7,7.9,7.64,473298.0,380122737.53,-0.39,qfq,0.93592559,0.64673055,33547037117.18
002202.SZ,002202,金风科技,2024-05-30,7.75,7.68,7.8,7.66,281443.0,224252502.63,-0.26,qfq,0.9335681,0.64510151,33462535764.24
002202.SZ,002202,金风科技,2024-05-31,7.67,7.56,7.7,7.56,285734.0,223822303.24,-1.56,qfq,0.91942313,0.63532724,32955527646.6
002202.SZ,002202,金风科技,2024-06-03,7.56,7.43,7.56,7.33,331274.0,253689806.22,-1.72,qfq,0.90409941,0.62473845,32406268852.49
002202.SZ,002202,金风科技,2024-06-04,7.42,7.55,7.57,7.3,268508.0,206213855.35,1.62,qfq,0.91824438,0.63451272,32913276970.13
002202.SZ,002202,金风科技,2024-06-05,7.54,7.49,7.6,7.48,191684.0,148807067.43,-0.79,qfq,0.91117189,0.62962559,32659772911.31
002202.SZ,002202,金风科技,2024-06-06,7.49,7.45,7.54,7.41,224167.0,172846808.57,-0.53,qfq,0.9064569,0.6263675,32490770205.43
002202.SZ,002202,金风科技,2024-06-07,7.45,7.38,7.53,7.26,285260.0,217321739.23,-0.94,qfq,0.89820567,0.62066584,32195015470.14
002202.SZ,002202,金风科技,2024-06-11,7.35,7.29,7.4,7.24,267164.0,201551539.89,-1.22,qfq,0.88759694,0.61333514,31814759381.91
002202.SZ,002202,金风科技,2024-06-12,7.3,7.19,7.31,7.14,334958.0,249033924.92,-1.37,qfq,0.87580947,0.60518992,31392252617.21
002202.SZ,002202,金风科技,2024-06-13,7.19,7.13,7.25,7.1,435858.0,322800635.91,-0.83,qfq,0.86873698,0.60030279,31138748558.39
002202.SZ,002202,金风科技,2024-06-14,7.12,7.46,7.46,7.06,873088.0,655788882.47,4.63,qfq,0.90763565,0.62718202,32533020881.9
002202.SZ,002202,金风科技,2024-06-17,7.31,7.08,7.31,6.93,794533.0,580339280.06,-5.09,qfq,0.86284324,0.59623018,30927495176.04
002202.SZ,002202,金风科技,2024-06-18,7.02,7.1,7.11,6.98,263035.0,191890405.0,0.28,qfq,0.86520074,0.59785922,31011996528.98
002202.SZ,002202,金风科技,2024-06-19,7.11,6.96,7.11,6.94,244960.0,176998923.53,-1.97,qfq,0.84869827,0.58645591,30420487058.4
002202.SZ,002202,金风科技,2024-06-20,6.92,6.78,6.97,6.77,236696.0,167470184.05,-2.59,qfq,0.82748081,0.57179452,29659974881.94
002202.SZ,002202,金风科技,2024-06-21,6.76,6.72,6.83,6.72,202305.0,141631628.04,-0.88,qfq,0.82040833,0.56690738,29406470823.12
002202.SZ,002202,金风科技,2024-06-24,6.71,6.58,6.71,6.52,234849.0,160788838.89,-2.08,qfq,0.80390586,0.55550407,28814961352.54
002202.SZ,002202,金风科技,2024-06-25,6.57,6.55,6.66,6.51,178986.0,122128685.1,-0.46,qfq,0.80036962,0.55306051,28688209323.13
002202.SZ,002202,金风科技,2024-06-26,6.53,6.6,6.62,6.46,221505.0,150288109.47,0.76,qfq,0.80626336,0.55713312,28899462705.48
002202.SZ,002202,金风科技,2024-06-27,6.61,6.45,6.62,6.45,191343.0,128889705.91,-2.27,qfq,0.78858214,0.54491529,28265702558.43
002202.SZ,002202,金风科技,2024-06-28,6.44,6.48,6.6,6.43,212784.0,143849001.57,0.47,qfq,0.79211839,0.54735885,28392454587.84
002202.SZ,002202,金风科技,2024-07-01,6.49,6.52,6.56,6.42,194772.0,131098153.11,0.62,qfq,0.78265307,0.55061694,28561457293.72
002202.SZ,002202,金风科技,2024-07-02,6.51,6.55,6.58,6.46,209789.0,142150925.35,0.46,qfq,0.78612638,0.55306051,28688209323.13
002202.SZ,002202,金风科技,2024-07-03,6.54,6.54,6.59,6.5,183150.0,124368285.02,-0.15,qfq,0.78496861,0.55224599,28645958646.66
002202.SZ,002202,金风科技,2024-07-04,6.54,6.35,6.58,6.35,193392.0,128958771.3,-2.91,qfq,0.76297096,0.53677007,27843195793.73
002202.SZ,002202,金风科技,2024-07-05,6.34,6.39,6.41,6.29,132976.0,87892775.68,0.63,qfq,0.76760205,0.54002815,28012198499.61
002202.SZ,002202,金风科技,2024-07-08,6.42,6.29,6.42,6.26,137965.0,90467586.36,-1.56,qfq,0.75602434,0.53188293,27589691734.91
002202.SZ,002202,金风科技,2024-07-09,6.29,6.45,6.46,6.22,193216.0,127470014.22,2.54,qfq,0.77454867,0.54491529,28265702558.43
002202.SZ,002202,金风科技,2024-07-10,6.44,6.45,6.53,6.39,145574.0,97616066.23,0.0,qfq,0.77454867,0.54491529,28265702558.43
002202.SZ,002202,金风科技,2024-07-11,6.53,6.71,6.75,6.53,269815.0,186254387.46,4.03,qfq,0.80465071,0.56609286,29364220146.65
002202.SZ,002202,金风科技,2024-07-12,6.71,6.7,6.74,6.67,147903.0,102719217.4,-0.15,qfq,0.80349294,0.56527834,29321969470.18
002202.SZ,002202,金风科技,2024-07-15,6.69,6.62,6.69,6.59,122920.0,84431910.27,-1.19,qfq,0.79423078,0.55876216,28983964058.42
002202.SZ,002202,金风科技,2024-07-16,6.62,6.63,6.65,6.53,123143.0,84163450.0,0.15,qfq,0.79538855,0.55957668,29026214734.89
002202.SZ,002202,金风科技,2024-07-17,6.66,6.65,6.72,6.62,150157.0,103795385.06,0.3,qfq,0.79770409,0.56120573,29110716087.83
002202.SZ,002202,金风科技,2024-07-18,6.64,6.7,6.72,6.54,150918.0,104097874.52,0.75,qfq,0.80349294,0.56527834,29321969470.18
002202.SZ,002202,金风科技,2024-07-19,6.68,6.73,6.74,6.66,143030.0,99308671.68,0.45,qfq,0.80696625,0.56772191,29448721499.59
002202.SZ,002202,金风科技,2024-07-22,6.73,6.84,6.91,6.71,292728.0,206488619.44,1.63,qfq,0.81970173,0.57668165,29913478940.76
002202.SZ,002202,金风科技,2024-07-23,6.82,7.02,7.17,6.78,625761.0,455503708.0,2.63,qfq,0.84054161,0.59134305,30673991117.22
002202.SZ,002202,金风科技,2024-07-24,6.98,7.17,7.35,6.95,644969.0,480840079.86,2.14,qfq,0.85790817,0.60356088,31307751264.27
002202.SZ,002202,金风科技,2024-07-25,7.19,7.55,7.58,7.13,956047.0,732769562.17,5.3,qfq,0.90190346,0.63451272,32913276970.13
002202.SZ,002202,金风科技,2024-07-26,7.48,8.0,8.12,7.46,1354962.0,1104995480.41,5.96,qfq,0.95400315,0.67116621,34814557411.28
002202.SZ,002202,金风科技,2024-07-29,7.97,7.69,7.97,7.61,844500.0,672218544.08,-3.88,qfq,0.91811225,0.64591603,33504786440.71
002202.SZ,002202,金风科技,2024-07-30,7.64,7.8,7.9,7.61,668518.0,536521520.34,1.43,qfq,0.93084773,0.65487577,33969543881.88
002202.SZ,002202,金风科技,2024-07-31,7.76,7.77,7.84,7.7,553003.0,442617632.56,-0.38,qfq,0.92737442,0.6524322,33842791852.47
002202.SZ,002202,金风科技,2024-08-01,7.73,7.75,7.91,7.7,392989.0,315911837.4,-0.26,qfq,0.92505888,0.65080316,33758290499.53
002202.SZ,002202,金风科技,2024-08-02,7.7,7.5,7.83,7.49,528638.0,414609974.07,-3.23,qfq,0.89611461,0.63044011,32702023587.78
002202.SZ,002202,金风科技,2024-08-05,7.46,7.42,7.6,7.42,399400.0,309782875.42,-1.07,qfq,0.88685244,0.62392393,32364018176.02
002202.SZ,002202,金风科技,2024-08-06,7.52,7.48,7.6,7.43,278232.0,215382704.17,0.81,qfq,0.89379907,0.62881106,32617522234.84
002202.SZ,002202,金风科技,2024-08-07,7.51,7.57,7.64,7.45,243218.0,189622124.38,1.2,qfq,0.904219,0.63614176,32997778323.07
002202.SZ,002202,金风科技,2024-08-08,7.52,7.57,7.59,7.44,256126.0,198858163.49,0.0,qfq,0.904219,0.63614176,32997778323.07
002202.SZ,002202,金风科技,2024-08-09,7.57,7.49,7.67,7.47,181902.0,141715290.86,-1.06,qfq,0.89495684,0.62962559,32659772911.31
002202.SZ,002202,金风科技,2024-08-12,7.63,7.51,7.74,7.44,269613.0,209312809.45,0.27,qfq,0.89727238,0.63125463,32744274264.25
002202.SZ,002202,金风科技,2024-08-13,7.44,7.57,7.64,7.4,235504.0,182973754.23,0.8,qfq,0.904219,0.63614176,32997778323.07
002202.SZ,002202,金风科技,2024-08-14,7.58,7.41,7.62,7.41,196764.0,151571440.49,-2.11,qfq,0.88569467,0.62310941,32321767499.55
002202.SZ,002202,金风科技,2024-08-15,7.41,7.46,7.54,7.39,171310.0,131940848.24,0.67,qfq,0.89148352,0.62718202,32533020881.9
002202.SZ,002202,金风科技,2024-08-16,7.51,7.39,7.54,7.36,157475.0,119047619.82,-0.94,qfq,0.87180142,0.61333514,31814759381.91
002202.SZ,002202,金风科技,2024-08-19,7.37,7.33,7.48,7.31,199241.0,149660330.0,-0.81,qfq,0.8648548,0.60844801,31561255323.09
002202.SZ,002202,金风科技,2024-08-20,7.36,7.2,7.37,7.17,170006.0,125361036.36,-1.77,qfq,0.84980377,0.59785922,31011996528.98
002202.SZ,002202,金风科技,2024-08-21,7.2,7.18,7.22,7.12,118749.0,86737065.53,-0.28,qfq,0.84748823,0.59623018,30927495176.04
002202.SZ,002202,金风科技,2024-08-22,7.24,7.22,7.35,7.18,204234.0,150522624.98,0.56,qfq,0.85211932,0.59948827,31096497881.92
002202.SZ,002202,金风科技,2024-08-23,7.19,7.25,7.33,7.16,188087.0,138676056.16,0.42,qfq,0.85559263,0.60193183,31223249911.33
002202.SZ,002202,金风科技,2024-08-26,7.58,7.82,7.99,7.52,1227325.0,985306471.75,7.86,qfq,0.92158556,0.65103568,33631538470.12
002202.SZ,002202,金风科技,2024-08-27,7.85,8.11,8.21,7.78,1280598.0,1043878779.06,3.71,qfq,0.95516092,0.67475431,34856808087.75
002202.SZ,002202,金风科技,2024-08-28,8.08,8.28,8.33,7.95,821543.0,684063160.25,2.1,qfq,0.97484302,0.68865834,35575069587.74
002202.SZ,002202,金风科技,2024-08-29,8.27,8.21,8.36,8.19,612053.0,513173352.15,-0.85,qfq,0.96673863,0.68293315,35279314852.45
002202.SZ,002202,金风科技,2024-08-30,8.2,8.12,8.28,8.1,753132.0,626423241.55,-1.1,qfq,0.95631869,0.6755722,34899058764.22
002202.SZ,002202,金风科技,2024-09-02,8.08,8.14,8.26,8.06,445108.0,369875199.98,0.25,qfq,0.95863423,0.67720796,34983560117.16
002202.SZ,002202,金风科技,2024-09-03,8.09,8.23,8.3,8.07,373061.0,311544077.18,1.11,qfq,0.96905417,0.68456892,35363816205.39
002202.SZ,002202,金风科技,2024-09-04,8.19,8.26,8.46,8.14,523034.0,441937380.62,0.36,qfq,0.97252748,0.68702257,35490568234.8
002202.SZ,002202,金风科技,2024-09-05,8.26,8.2,8.35,8.18,298198.0,250037244.91,-0.73,qfq,0.96558086,0.68211527,35237064175.98
002202.SZ,002202,金风科技,2024-09-06,8.2,8.06,8.25,8.06,265992.0,220274818.23,-1.71,qfq,0.94937206,0.67066489,34645554705.4
002202.SZ,002202,金风科技,2024-09-09,8.05,8.05,8.11,8.0,283414.0,232313169.76,-0.12,qfq,0.94821429,0.66984701,34603304028.93
002202.SZ,002202,金风科技,2024-09-10,8.05,8.08,8.11,7.94,262846.0,214470125.89,0.37,qfq,0.95168761,0.67230066,34730056058.34
002202.SZ,002202,金风科技,2024-09-11,8.02,8.09,8.14,8.02,193875.0,159479435.33,0.12,qfq,0.95284538,0.67311854,34772306734.81
002202.SZ,002202,金风科技,2024-09-12,8.05,8.08,8.2,8.04,259528.0,214154063.48,-0.12,qfq,0.95168761,0.67230066,34730056058.34
002202.SZ,002202,金风科技,2024-09-13,8.11,8.02,8.17,8.0,216159.0,177714947.88,-0.74,qfq,0.94474098,0.66739336,34476551999.52
002202.SZ,002202,金风科技,2024-09-18,7.97,8.1,8.11,7.92,201622.0,164527049.49,1.0,qfq,0.95400315,0.67393643,34814557411.28
002202.SZ,002202,金风科技,2024-09-19,8.12,8.08,8.17,8.03,309207.0,254444616.28,-0.25,qfq,0.95168761,0.67230066,34730056058.34
002202.SZ,002202,金风科技,2024-09-20,8.08,8.07,8.14,8.02,229052.0,188029972.55,-0.12,qfq,0.95052983,0.67148278,34687805381.87
002202.SZ,002202,金风科技,2024-09-23,8.08,8.02,8.11,7.98,248372.0,203115561.53,-0.62,qfq,0.94474098,0.66739336,34476551999.52
002202.SZ,002202,金风科技,2024-09-24,8.1,8.28,8.29,8.05,453026.0,377763291.72,3.24,qfq,0.97484302,0.68865834,35575069587.74
002202.SZ,002202,金风科技,2024-09-25,8.33,8.43,8.58,8.29,534035.0,459646656.54,1.81,qfq,0.99220958,0.7009266,36208829734.79
002202.SZ,002202,金风科技,2024-09-26,8.43,8.61,8.62,8.35,455354.0,392870898.86,2.14,qfq,1.01304946,0.71564851,36969341911.25
002202.SZ,002202,金风科技,2024-09-27,8.74,9.0,9.13,8.67,742353.0,670769320.51,4.53,qfq,1.05820252,0.74754599,38617118293.58
002202.SZ,002202,金风科技,2024-09-30,9.27,9.88,9.9,9.17,1185388.0,1152123936.62,9.78,qfq,1.15303945,0.81951978,42335177822.94
002202.SZ,002202,金风科技,2024-10-08,10.88,10.88,10.88,10.46,1626698.0,1773543770.11,10.12,qfq,1.26811325,0.90130819,46560245469.94
002202.SZ,002202,金风科技,2024-10-09,10.67,10.25,10.67,10.09,1151013.0,1214863810.39,-5.79,qfq,1.19561676,0.84978149,43898452852.33
002202.SZ,002202,金风科技,2024-10-10,10.24,10.28,10.62,10.15,800267.0,841764180.51,0.29,qfq,1.19906897,0.85223514,44025204881.74
002202.SZ,002202,金风科技,2024-10-11,10.3,9.69,10.3,9.56,670240.0,668925200.3,-5.74,qfq,1.13117543,0.80397999,41532414970.01
002202.SZ,002202,金风科技,2024-10-14,9.7,9.93,9.98,9.66,487023.0,485307716.28,2.48,qfq,1.15879314,0.8236092,42546431205.29
002202.SZ,002202,金风科技,2024-10-15,9.94,9.59,9.94,9.57,452889.0,448585829.14,-3.42,qfq,1.11966805,0.79580115,41109908205.31
002202.SZ,002202,金风科技,2024-10-16,9.54,9.51,9.68,9.37,443481.0,427665904.09,-0.83,qfq,1.11046215,0.78925808,40771902793.55
002202.SZ,002202,金风科技,2024-10-17,9.51,9.3,9.64,9.27,364216.0,348252733.07,-2.21,qfq,1.08629665,0.77208251,39884638587.68
002202.SZ,002202,金风科技,2024-10-18,9.29,9.68,9.89,9.24,619255.0,602370280.52,4.09,qfq,1.13002469,0.8031621,41490164293.54
002202.SZ,002202,金风科技,2024-10-21,9.7,9.88,10.02,9.62,635582.0,634620840.48,2.07,qfq,1.15303945,0.81951978,42335177822.94
002202.SZ,002202,金风科技,2024-10-22,9.87,10.52,10.64,9.8,1003346.0,1054761321.38,6.48,qfq,1.22668668,0.87186436,45039221117.02
002202.SZ,002202,金风科技,2024-10-23,10.52,10.98,11.28,10.52,1435271.0,1587855109.24,4.37,qfq,1.27962063,0.90948703,46982752234.64
002202.SZ,002202,金风科技,2024-10-24,10.91,10.66,10.91,10.61,663626.0,722149643.62,-2.91,qfq,1.24279701,0.88331474,45630730587.6
002202.SZ,002202,金风科技,2024-10-25,10.63,10.86,11.01,10.61,614510.0,676566532.57,1.88,qfq,1.26581177,0.89967242,46475744117.0
002202.SZ,002202,金风科技,2024-10-28,10.93,10.74,11.07,10.67,655537.0,715902965.25,-1.1,qfq,1.25200292,0.8067924,45968735999.36
002202.SZ,002202,金风科技,2024-10-29,10.75,10.59,10.85,10.44,563968.0,606064626.44,-1.4,qfq,1.23474185,0.79566934,45334975852.31
002202.SZ,002202,金风科技,2024-10-30,10.49,10.52,10.71,10.39,395599.0,422082804.7,-0.66,qfq,1.22668668,0.79047858,45039221117.02
002202.SZ,002202,金风科技,2024-10-31,10.88,10.74,10.96,10.66,787500.0,861142971.07,2.09,qfq,1.25200292,0.8067924,45968735999.36
002202.SZ,002202,金风科技,2024-11-01,10.88,10.74,10.92,10.39,647382.0,698342827.8,0.0,qfq,1.25200292,0.8067924,45968735999.36
002202.SZ,002202,金风科技,2024-11-04,10.72,10.75,10.96,10.65,601631.0,657248555.44,0.09,qfq,1.25315365,0.80753394,46010986675.83
002202.SZ,002202,金风科技,2024-11-05,10.73,11.02,11.06,10.6,843777.0,933773345.46,2.51,qfq,1.28422358,0.82755544,47151754940.52
002202.SZ,002202,金风科技,2024-11-06,11.03,11.29,11.74,11.03,1169038.0,1355152071.61,2.45,qfq,1.31529351,0.84757694,48292523205.21
002202.SZ,002202,金风科技,2024-11-07,11.04,11.21,11.24,10.94,656594.0,738469197.99,-0.71,qfq,1.3060876,0.84164464,47954517793.45
002202.SZ,002202,金风科技,2024-11-08,11.28,11.05,11.49,11.03,664373.0,755856348.22,-1.43,qfq,1.28767579,0.82978005,47278506969.93
002202.SZ,002202,金风科技,2024-11-11,11.02,10.98,11.12,10.87,568366.0,631510063.1,-0.63,qfq,1.27962063,0.82458929,46982752234.64
002202.SZ,002202,金风科技,2024-11-12,11.09,10.8,11.09,10.69,664596.0,730440425.26,-1.64,qfq,1.25890734,0.81124162,46222240058.18
002202.SZ,002202,金风科技,2024-11-13,10.78,10.85,10.89,10.68,364038.0,397827101.74,0.46,qfq,1.26466103,0.81494931,46433493440.53
002202.SZ,002202,金风科技,2024-11-14,10.8,10.58,10.84,10.56,416616.0,450315876.06,-2.49,qfq,1.23359111,0.7949278,45292725175.84
002202.SZ,002202,金风科技,2024-11-15,10.52,10.21,10.62,10.19,494151.0,520325678.1,-3.5,qfq,1.1910138,0.76749093,43729450146.45
002202.SZ,002202,金风科技,2024-11-18,10.27,10.35,10.66,10.27,472580.0,500781769.11,1.37,qfq,1.20712414,0.77787245,44320959617.03
002202.SZ,002202,金风科技,2024-11-19,10.31,10.48,10.51,10.29,350833.0,370214152.51,1.26,qfq,1.22208373,0.78751243,44870218411.14
002202.SZ,002202,金风科技,2024-11-20,10.48,10.3,10.48,10.27,415108.0,435682898.46,-1.72,qfq,1.20137045,0.77416476,44109706234.68
002202.SZ,002202,金风科技,2024-11-21,10.35,10.22,10.38,10.16,353209.0,365844557.33,-0.78,qfq,1.19216454,0.76823247,43771700822.92
002202.SZ,002202,金风科技,2024-11-22,10.23,9.85,10.25,9.79,392321.0,397807402.49,-3.62,qfq,1.14958724,0.74079559,42208425793.53
002202.SZ,002202,金风科技,2024-11-25,9.94,10.25,10.53,9.94,930352.0,973679926.72,4.06,qfq,1.19561676,0.77045708,43898452852.33
002202.SZ,002202,金风科技,2024-11-26,10.27,10.32,10.55,10.16,559142.0,588586612.35,0.68,qfq,1.20367192,0.77564784,44194207587.62
002202.SZ,002202,金风科技,2024-11-27,10.26,11.2,11.26,10.25,1200932.0,1314612435.94,8.53,qfq,1.30493686,0.84090311,47912267116.98
002202.SZ,002202,金风科技,2024-11-28,11.04,10.82,11.09,10.69,722769.0,795176572.55,-3.39,qfq,1.26120882,0.81272469,46306741411.12
002202.SZ,002202,金风科技,2024-11-29,10.79,11.02,11.21,10.74,798549.0,893706617.91,1.85,qfq,1.28422358,0.82755544,47151754940.52
002202.SZ,002202,金风科技,2024-12-02,11.06,11.04,11.26,10.89,625983.0,700719819.71,0.18,qfq,1.28652506,0.82903851,47236256293.46
002202.SZ,002202,金风科技,2024-12-03,11.11,11.18,11.31,11.02,652318.0,736613973.47,1.27,qfq,1.30263539,0.83942003,47827765764.04
002202.SZ,002202,金风科技,2024-12-04,11.07,11.05,11.24,10.96,556235.0,623758959.06,-1.16,qfq,1.28767579,0.82978005,47278506969.93
002202.SZ,002202,金风科技,2024-12-05,10.99,10.86,11.03,10.8,333630.0,367797484.46,-1.72,qfq,1.26581177,0.81569084,46475744117.0
002202.SZ,002202,金风科技,2024-12-06,10.92,10.85,10.95,10.65,359848.0,394256187.26,-0.09,qfq,1.26466103,0.81494931,46433493440.53
002202.SZ,002202,金风科技,2024-12-09,10.86,10.8,10.88,10.66,301452.0,328936709.25,-0.46,qfq,1.25890734,0.81124162,46222240058.18
002202.SZ,002202,金风科技,2024-12-10,11.04,10.69,11.14,10.67,571744.0,625073811.01,-1.02,qfq,1.24624923,0.80308471,45757482617.01
002202.SZ,002202,金风科技,2024-12-11,10.66,10.73,10.83,10.65,267883.0,291198677.5,0.37,qfq,1.25085218,0.80605086,45926485322.89
002202.SZ,002202,金风科技,2024-12-12,10.72,10.84,10.86,10.66,329604.0,360494553.63,1.03,qfq,1.2635103,0.81420777,46391242764.06
002202.SZ,002202,金风科技,2024-12-13,10.77,10.67,10.88,10.65,337870.0,366649716.16,-1.57,qfq,1.24394775,0.80160164,45672981264.07
002202.SZ,002202,金风科技,2024-12-16,10.71,10.54,11.0,10.47,487822.0,529016423.07,-1.22,qfq,1.22898816,0.79196166,45123722469.96
002202.SZ,002202,金风科技,2024-12-17,10.52,10.52,10.68,10.44,247003.0,264641694.44,-0.19,qfq,1.22668668,0.79047858,45039221117.02
002202.SZ,002202,金风科技,2024-12-18,10.5,10.49,10.61,10.46,194194.0,207355664.72,-0.29,qfq,1.22323447,0.78825397,44912469087.61
002202.SZ,002202,金风科技,2024-12-19,10.43,10.64,10.67,10.26,259815.0,276257299.66,1.43,qfq,1.24049554,0.79937703,45546229234.66
002202.SZ,002202,金风科技,2024-12-20,10.65,10.64,10.8,10.54,233006.0,250761892.09,0.0,qfq,1.24049554,0.79937703,45546229234.66
002202.SZ,002202,金风科技,2024-12-23,10.57,10.55,10.76,10.51,305166.0,328840136.96,-0.85,qfq,1.2301389,0.79270319,45165973146.43
002202.SZ,002202,金风科技,2024-12-24,10.55,10.76,10.85,10.44,315930.0,343094562.61,1.99,qfq,1.25430439,0.80827547,46053237352.3
002202.SZ,002202,金风科技,2024-12-25,10.77,10.5,10.8,10.4,284856.0,303391068.53,-2.42,qfq,1.22438521,0.78899551,44954719764.08
002202.SZ,002202,金风科技,2024-12-26,10.47,10.45,10.56,10.32,262971.0,278455653.61,-0.48,qfq,1.21863152,0.78528782,44743466381.73
002202.SZ,002202,金风科技,2024-12-27,10.26,10.25,10.37,10.0,478576.0,493994369.86,-1.91,qfq,1.19561676,0.77045708,43898452852.33
002202.SZ,002202,金风科技,2024-12-30,10.17,10.37,10.46,10.12,303576.0,318228534.24,1.17,qfq,1.20942561,0.77935552,44405460969.97
002202.SZ,002202,金风科技,2024-12-31,10.38,10.19,10.46,10.19,245969.0,256394880.13,-1.74,qfq,1.19479272,0.76600786,43644948793.51
002202.SZ,002202,金风科技,2025-01-02,10.17,9.87,10.25,9.77,322802.0,327364405.78,-3.14,qfq,1.15778075,0.74227867,42292927146.47
002202.SZ,002202,金风科技,2025-01-03,9.87,9.74,10.09,9.71,282219.0,282128428.46,-1.32,qfq,1.14274463,0.73263868,41743668352.36
002202.SZ,002202,金风科技,2025-01-06,9.77,9.95,10.04,9.75,271338.0,272296840.43,2.16,qfq,1.16703374,0.74821096,42630932558.23
002202.SZ,002202,金风科技,2025-01-07,9.9,10.11,10.11,9.86,252619.0,256431663.42,1.61,qfq,1.18553973,0.76007556,43306943381.75
002202.SZ,002202,金风科技,2025-01-08,10.11,9.94,10.11,9.73,251600.0,252928230.32,-1.68,qfq,1.16587712,0.74746943,42588681881.76
002202.SZ,002202,金风科技,2025-01-09,9.87,9.85,10.02,9.85,160434.0,161334136.22,-0.91,qfq,1.1554675,0.74079559,42208425793.53
002202.SZ,002202,金风科技,2025-01-10,9.86,9.68,9.95,9.66,188368.0,187057341.13,-1.73,qfq,1.13580489,0.72818946,41490164293.54
002202.SZ,002202,金风科技,2025-01-13,9.61,9.69,9.83,9.57,202907.0,199668889.68,0.1,qfq,1.13696151,0.728931,41532414970.01
002202.SZ,002202,金风科技,2025-01-14,9.69,9.88,9.94,9.58,227256.0,226272673.6,1.96,qfq,1.15893737,0.7430202,42335177822.94
002202.SZ,002202,金风科技,2025-01-15,9.86,9.78,9.87,9.71,194203.0,192600273.79,-1.01,qfq,1.14737113,0.73560483,41912671058.24
002202.SZ,002202,金风科技,2025-01-16,9.78,9.77,10.01,9.72,191958.0,191567232.2,-0.1,qfq,1.14621451,0.7348633,41870420381.77
002202.SZ,002202,金风科技,2025-01-17,9.78,9.75,9.99,9.73,210328.0,209408680.48,-0.2,qfq,1.14390126,0.73338022,41785919028.83
002202.SZ,002202,金风科技,2025-01-20,9.79,9.94,10.04,9.79,262163.0,264097159.42,1.95,qfq,1.16587712,0.74746943,42588681881.76
002202.SZ,002202,金风科技,2025-01-21,9.93,9.86,10.01,9.8,229531.0,230444771.55,-0.8,qfq,1.15662412,0.74153713,42250676470.0
002202.SZ,002202,金风科技,2025-01-22,9.83,9.81,9.91,9.67,196088.0,194391575.38,-0.51,qfq,1.150841,0.73782944,42039423087.65
002202.SZ,002202,金风科技,2025-01-23,9.88,9.73,10.01,9.7,230365.0,229918876.53,-0.82,qfq,1.14158801,0.73189715,41701417675.89
002202.SZ,002202,金风科技,2025-01-24,9.7,9.77,9.86,9.68,197368.0,196152838.25,0.41,qfq,1.14621451,0.7348633,41870420381.77
002202.SZ,002202,金风科技,2025-01-27,9.76,9.47,9.77,9.47,325078.0,316442096.37,-3.07,qfq,1.11151578,0.71261718,40602900087.67
002202.SZ,002202,金风科技,2025-02-05,9.41,8.93,9.44,8.85,740273.0,672810710.1,-5.7,qfq,1.04905808,0.67257418,38321363558.29
002202.SZ,002202,金风科技,2025-02-06,8.95,8.98,9.02,8.76,544866.0,492921294.01,0.56,qfq,1.0548412,0.67628186,38532616940.64
002202.SZ,002202,金风科技,2025-02-07,8.99,9.2,9.31,8.87,483288.0,449709741.7,2.45,qfq,1.08028693,0.69259568,39462131822.98
002202.SZ,002202,金风科技,2025-02-10,9.31,9.17,9.34,9.13,392100.0,365767745.86,-0.33,qfq,1.07681706,0.69037107,39335379793.57
002202.SZ,002202,金风科技,2025-02-11,9.18,9.1,9.2,8.99,330723.0,304301299.09,-0.76,qfq,1.06872069,0.68518031,39039625058.28
002202.SZ,002202,金风科技,2025-02-12,9.1,9.18,9.18,9.06,249908.0,231370167.89,0.88,qfq,1.07797368,0.69111261,39377630470.04
002202.SZ,002202,金风科技,2025-02-13,9.18,8.96,9.2,8.96,435511.0,399189822.63,-2.4,qfq,1.05252795,0.67479879,38448115587.7
002202.SZ,002202,金风科技,2025-02-14,8.96,8.99,9.02,8.89,291102.0,264877868.47,0.33,qfq,1.05599782,0.6770234,38574867617.11
002202.SZ,002202,金风科技,2025-02-17,9.0,8.97,9.03,8.89,325866.0,296387075.1,-0.22,qfq,1.05368458,0.67554033,38490366264.17
002202.SZ,002202,金风科技,2025-02-18,8.98,8.82,9.04,8.78,362387.0,328001003.55,-1.67,qfq,1.03633521,0.66441727,37856606117.12
002202.SZ,002202,金风科技,2025-02-19,8.8,8.94,8.95,8.74,355861.0,320751500.56,1.36,qfq,1.0502147,0.67331571,38363614234.76
002202.SZ,002202,金风科技,2025-02-20,8.94,8.78,8.95,8.76,358619.0,320546779.63,-1.79,qfq,1.03170872,0.66145112,37687603411.24
002202.SZ,002202,金风科技,2025-02-21,8.79,8.87,8.88,8.76,399192.0,357793425.57,1.03,qfq,1.04211833,0.66812495,38067859499.47
002202.SZ,002202,金风科技,2025-02-24,8.87,8.74,8.93,8.69,536371.0,479034143.07,-1.47,qfq,1.02708222,0.65848497,37518600705.36
002202.SZ,002202,金风科技,2025-02-25,8.75,8.94,9.03,8.66,726509.0,657222017.0,2.29,qfq,1.0502147,0.67331571,38363614234.76
002202.SZ,002202,金风科技,2025-02-26,9.01,9.15,9.26,8.97,838989.0,780686656.16,2.35,qfq,1.07450381,0.68888799,39250878440.63
002202.SZ,002202,金风科技,2025-02-27,9.15,9.02,9.18,8.88,568272.0,518728728.15,-1.42,qfq,1.0594677,0.67924801,38701619646.52
002202.SZ,002202,金风科技,2025-02-28,8.99,8.91,9.05,8.91,427637.0,389769693.07,-1.22,qfq,1.04674483,0.6710911,38236862205.35
002202.SZ,002202,金风科技,2025-03-03,8.92,8.89,9.09,8.85,511575.0,466463737.82,-0.22,qfq,1.04443158,0.66960803,38152360852.41
002202.SZ,002202,金风科技,2025-03-04,8.86,8.91,8.98,8.76,457653.0,412053113.52,0.22,qfq,1.04674483,0.6710911,38236862205.35
002202.SZ,002202,金风科技,2025-03-05,8.91,8.82,8.93,8.76,288282.0,258056534.09,-1.01,qfq,1.03633521,0.66441727,37856606117.12
002202.SZ,002202,金风科技,2025-03-06,8.83,8.92,8.94,8.77,404892.0,365163492.25,1.13,qfq,1.04790146,0.67183264,38279112881.82
002202.SZ,002202,金风科技,2025-03-07,8.88,8.81,8.92,8.75,476805.0,426783379.86,-1.23,qfq,1.03517859,0.66367573,37814355440.65
002202.SZ,002202,金风科技,2025-03-10,8.82,8.87,8.94,8.82,322647.0,290492516.5,0.68,qfq,1.04211833,0.66812495,38067859499.47
002202.SZ,002202,金风科技,2025-03-11,8.82,8.91,8.91,8.75,334129.0,299439220.82,0.45,qfq,1.04674483,0.6710911,38236862205.35
002202.SZ,002202,金风科技,2025-03-12,8.91,8.92,8.98,8.84,381954.0,345534634.13,0.11,qfq,1.04790146,0.67183264,38279112881.82
002202.SZ,002202,金风科技,2025-03-13,8.94,8.89,9.0,8.76,468518.0,421923610.18,-0.34,qfq,1.04443158,0.66960803,38152360852.41
002202.SZ,002202,金风科技,2025-03-14,8.88,9.01,9.11,8.85,626981.0,574240619.16,1.35,qfq,1.05831107,0.67850647,38659368970.05
002202.SZ,002202,金风科技,2025-03-17,9.04,9.09,9.3,9.04,771094.0,717646648.13,0.89,qfq,1.06756407,0.68443877,38997374381.81
002202.SZ,002202,金风科技,2025-03-18,9.18,9.17,9.27,9.12,480024.0,447662456.07,0.88,qfq,1.07681706,0.69037107,39335379793.57
002202.SZ,002202,金风科技,2025-03-19,9.18,9.17,9.26,9.11,504732.0,470854171.65,0.0,qfq,1.07681706,0.69037107,39335379793.57
002202.SZ,002202,金风科技,2025-03-20,9.17,9.41,9.43,9.11,830345.0,787529325.51,2.62,qfq,1.10457604,0.70816796,40349396028.85
002202.SZ,002202,金风科技,2025-03-21,9.38,9.53,9.75,9.33,990531.0,961288112.37,1.28,qfq,1.11845553,0.71706641,40856404146.49
002202.SZ,002202,金风科技,2025-03-24,9.61,9.36,9.61,9.23,754957.0,713289688.49,-1.78,qfq,1.09879292,0.70446027,40138142646.5
002202.SZ,002202,金风科技,2025-03-25,9.36,9.26,9.48,9.23,418157.0,395376345.19,-1.07,qfq,1.08722668,0.6970449,39715635881.8
002202.SZ,002202,金风科技,2025-03-26,9.26,9.27,9.35,9.18,328086.0,308849825.39,0.11,qfq,1.0883833,0.69778644,39757886558.27
002202.SZ,002202,金风科技,2025-03-27,9.27,9.16,9.27,9.04,402383.0,373818318.62,-1.19,qfq,1.07566043,0.68962953,39293129117.1
002202.SZ,002202,金风科技,2025-03-28,9.1,8.98,9.17,8.96,386609.0,354382582.59,-1.97,qfq,1.0548412,0.67628186,38532616940.64
002202.SZ,002202,金风科技,2025-03-31,8.97,8.74,9.08,8.72,587310.0,529301668.84,-2.67,qfq,1.01075915,0.66171349,37518600705.36
002202.SZ,002202,金风科技,2025-04-01,8.75,8.75,8.92,8.73,455562.0,406614346.94,0.11,qfq,1.0118974,0.66245866,37560851381.83
002202.SZ,002202,金风科技,2025-04-02,8.76,8.8,8.87,8.58,525060.0,466449552.69,0.57,qfq,1.01758861,0.66618452,37772104764.18
002202.SZ,002202,金风科技,2025-04-03,8.73,8.74,8.84,8.7,342606.0,304824092.65,-0.68,qfq,1.01075915,0.66171349,37518600705.36
002202.SZ,002202,金风科技,2025-04-07,8.32,7.85,8.32,7.85,562642.0,456266695.76,-10.18,qfq,0.90945559,0.5953931,33758290499.53
002202.SZ,002202,金风科技,2025-04-08,7.66,7.78,7.88,7.64,645313.0,509478888.42,-0.89,qfq,0.90148789,0.59017689,33462535764.24
002202.SZ,002202,金风科技,2025-04-09,7.67,7.84,7.88,7.5,507780.0,398922801.57,0.77,qfq,0.90831735,0.59464793,33716039823.06
002202.SZ,002202,金风科技,2025-04-10,7.99,7.99,8.09,7.88,423798.0,345877455.75,1.91,qfq,0.92539098,0.60582552,34349799970.11
002202.SZ,002202,金风科技,2025-04-11,7.96,8.01,8.07,7.88,311450.0,252847067.79,0.25,qfq,0.92766747,0.60731587,34434301323.05
002202.SZ,002202,金风科技,2025-04-14,8.08,8.09,8.15,8.04,301690.0,248486814.17,1.0,qfq,0.9367734,0.61327725,34772306734.81
002202.SZ,002202,金风科技,2025-04-15,8.09,8.05,8.11,7.97,241733.0,197402105.65,-0.49,qfq,0.93222044,0.61029656,34603304028.93
002202.SZ,002202,金风科技,2025-04-16,8.04,8.01,8.11,7.96,252232.0,205820365.47,-0.5,qfq,0.92766747,0.60731587,34434301323.05
002202.SZ,002202,金风科技,2025-04-17,8.01,8.02,8.07,7.97,172441.0,141053838.09,0.12,qfq,0.92880571,0.60806104,34476551999.52
002202.SZ,002202,金风科技,2025-04-18,8.01,8.03,8.06,7.97,197396.0,161067768.89,0.12,qfq,0.92994395,0.60880621,34518802675.99
002202.SZ,002202,金风科技,2025-04-21,8.05,8.05,8.15,7.99,382397.0,313145673.61,0.25,qfq,0.93222044,0.61029656,34603304028.93
002202.SZ,002202,金风科技,2025-04-22,8.04,8.13,8.23,7.99,499505.0,413715129.2,0.99,qfq,0.94132637,0.61625794,34941309440.69
002202.SZ,002202,金风科技,2025-04-23,8.14,8.1,8.24,8.08,280174.0,231293175.58,-0.37,qfq,0.93791165,0.61402242,34814557411.28
002202.SZ,002202,金风科技,2025-04-24,8.13,8.21,8.3,8.09,432176.0,361133122.83,1.36,qfq,0.95043231,0.62221933,35279314852.45
002202.SZ,002202,金风科技,2025-04-25,8.23,8.25,8.3,8.19,281103.0,235668156.11,0.49,qfq,0.95498528,0.62520002,35448317558.33
002202.SZ,002202,金风科技,2025-04-28,8.54,8.82,9.0,8.46,1197595.0,1074286141.81,6.91,qfq,1.01986509,0.63955469,37856606117.12
002202.SZ,002202,金风科技,2025-04-29,8.76,8.82,8.94,8.74,486637.0,437856375.63,0.0,qfq,1.01986509,0.63955469,37856606117.12
002202.SZ,002202,金风科技,2025-04-30,8.79,8.61,8.82,8.59,442279.0,389218680.5,-2.38,qfq,0.995962,0.62456513,36969341911.25
002202.SZ,002202,金风科技,2025-05-06,8.67,8.7,8.72,8.57,398335.0,351355333.47,1.05,qfq,1.00620618,0.63098923,37349597999.48
002202.SZ,002202,金风科技,2025-05-07,8.81,8.98,9.05,8.79,698369.0,634458329.1,3.22,qfq,1.03807697,0.65097531,38532616940.64
002202.SZ,002202,金风科技,2025-05-08,8.95,8.9,9.02,8.88,419706.0,381463601.97,-0.89,qfq,1.02897103,0.645265,38194611528.88
002202.SZ,002202,金风科技,2025-05-09,8.95,9.02,9.14,8.9,478292.0,439339042.97,1.35,qfq,1.04262994,0.65383046,38701619646.52
002202.SZ,002202,金风科技,2025-05-12,9.02,9.15,9.19,8.97,584011.0,540643237.15,1.44,qfq,1.05742709,0.66310972,39250878440.63
002202.SZ,002202,金风科技,2025-05-13,9.22,9.18,9.3,9.12,445386.0,416410883.32,0.33,qfq,1.06084181,0.66525108,39377630470.04
002202.SZ,002202,金风科技,2025-05-14,9.14,9.09,9.16,8.97,386656.0,354954286.3,-0.98,qfq,1.05059763,0.65882699,38997374381.81
002202.SZ,002202,金风科技,2025-05-15,9.09,9.05,9.18,9.04,288178.0,266247368.85,-0.44,qfq,1.04604466,0.65597183,38828371675.93
002202.SZ,002202,金风科技,2025-05-16,9.03,9.01,9.11,8.98,186000.0,170383295.23,-0.44,qfq,1.0414917,0.65311668,38659368970.05
002202.SZ,002202,金风科技,2025-05-19,8.97,9.05,9.08,8.93,212421.0,194631378.64,0.44,qfq,1.04604466,0.65597183,38828371675.93
002202.SZ,002202,金风科技,2025-05-20,9.06,9.17,9.17,9.05,335546.0,311154511.04,1.33,qfq,1.05970357,0.6645373,39335379793.57
002202.SZ,002202,金风科技,2025-05-21,9.26,9.23,9.39,9.14,348347.0,326487935.36,0.65,qfq,1.06653303,0.66882003,39588883852.39
002202.SZ,002202,金风科技,2025-05-22,9.18,9.08,9.24,9.06,205275.0,190686573.62,-1.63,qfq,1.04945939,0.6581132,38955123705.34
002202.SZ,002202,金风科技,2025-05-23,9.08,8.92,9.14,8.91,256035.0,234809342.11,-1.76,qfq,1.03124752,0.64669258,38279112881.82
002202.SZ,002202,金风科技,2025-05-26,8.9,8.91,8.96,8.86,197131.0,178272295.44,-0.11,qfq,1.03010927,0.64597879,38236862205.35
002202.SZ,002202,金风科技,2025-05-27,8.92,8.98,9.09,8.86,230804.0,210664319.61,0.79,qfq,1.03807697,0.65097531,38532616940.64
002202.SZ,002202,金风科技,2025-05-28,8.96,9.14,9.19,8.94,306386.0,282100426.65,1.78,qfq,1.05628885,0.66239593,39208627764.16
002202.SZ,002202,金风科技,2025-05-29,9.15,9.24,9.3,9.1,304311.0,284693720.02,1.09,qfq,1.06767127,0.66953382,39631134528.86
002202.SZ,002202,金风科技,2025-05-30,9.19,9.11,9.22,9.11,209525.0,194613007.45,-1.41,qfq,1.05287412,0.66025456,39081875734.75
002202.SZ,002202,金风科技,2025-06-03,9.06,9.35,9.44,8.95,615729.0,578854487.4,2.63,qfq,1.08019193,0.67738549,40095891970.03
002202.SZ,002202,金风科技,2025-06-04,9.33,9.23,9.54,9.22,354735.0,335253859.48,-1.28,qfq,1.06653303,0.66882003,39588883852.39
002202.SZ,002202,金风科技,2025-06-05,9.26,9.16,9.29,9.11,241840.0,225160162.35,-0.76,qfq,1.05856533,0.66382351,39293129117.1
002202.SZ,002202,金风科技,2025-06-06,9.16,9.2,9.24,9.13,171456.0,159986714.7,0.44,qfq,1.0631183,0.66667866,39462131822.98
002202.SZ,002202,金风科技,2025-06-09,9.2,9.32,9.48,9.2,489269.0,465192495.35,1.3,qfq,1.07677721,0.67524413,39969139940.62
002202.SZ,002202,金风科技,2025-06-10,9.33,9.13,9.37,9.07,314339.0,293370015.39,-2.04,qfq,1.0551506,0.66168214,39166377087.69
002202.SZ,002202,金风科技,2025-06-11,9.13,9.38,9.39,9.11,403074.0,381010048.88,2.74,qfq,1.08360666,0.67952686,40222643999.44
002202.SZ,002202,金风科技,2025-06-12,9.37,9.36,9.4,9.28,255793.0,242734775.53,-0.21,qfq,1.08133018,0.67809928,40138142646.5
002202.SZ,002202,金风科技,2025-06-13,9.34,9.46,9.54,9.26,668388.0,641810798.02,1.07,qfq,1.0927126,0.68523717,40560649411.2
002202.SZ,002202,金风科技,2025-06-16,9.62,9.96,10.11,9.62,1031089.0,1039517777.5,5.29,qfq,1.14962471,0.7209266,42673183234.7
002202.SZ,002202,金风科技,2025-06-17,10.0,9.91,10.11,9.89,533365.0,538798692.07,-0.5,qfq,1.1439335,0.71735766,42461929852.35
002202.SZ,002202,金风科技,2025-06-18,9.9,10.0,10.06,9.81,362145.0,365744541.84,0.91,qfq,1.15417768,0.72378176,42842185940.58
002202.SZ,002202,金风科技,2025-06-19,10.02,9.73,10.08,9.67,497101.0,494736679.49,-2.7,qfq,1.12344514,0.70450946,41701417675.89
002202.SZ,002202,金风科技,2025-06-20,9.73,9.66,9.79,9.61,271447.0,266417040.88,-0.72,qfq,1.11547744,0.69951294,41405662940.6
002202.SZ,002202,金风科技,2025-06-23,9.66,9.82,9.85,9.58,457075.0,452008236.47,1.66,qfq,1.13368932,0.71093356,42081673764.12
002202.SZ,002202,金风科技,2025-06-24,9.82,9.87,9.93,9.78,425210.0,425279994.08,0.51,qfq,1.13938053,0.71450251,42292927146.47
002202.SZ,002202,金风科技,2025-06-25,9.91,10.02,10.06,9.77,480719.0,487411068.26,1.52,qfq,1.15645417,0.72520934,42926687293.52
002202.SZ,002202,金风科技,2025-06-26,9.96,10.05,10.13,9.96,398576.0,406520626.28,0.3,qfq,1.15986889,0.7273507,43053439322.93
002202.SZ,002202,金风科技,2025-06-27,10.04,10.09,10.13,9.97,385916.0,393361160.34,0.4,qfq,1.16442186,0.73020586,43222442028.81
002202.SZ,002202,金风科技,2025-06-30,10.1,10.11,10.21,10.07,304826.0,313058683.36,0.2,qfq,1.1587842,0.73163343,43306943381.75
002202.SZ,002202,金风科技,2025-07-01,10.09,10.18,10.19,10.05,327526.0,336465604.35,0.69,qfq,1.16669785,0.73662996,43602698117.04
002202.SZ,002202,金风科技,2025-07-02,10.34,10.12,10.4,10.09,434291.0,448511924.0,-0.59,qfq,1.15991473,0.73234722,43349194058.22
002202.SZ,002202,金风科技,2025-07-03,10.11,10.02,10.16,9.97,372267.0,378645603.43,-0.99,qfq,1.14860951,0.72520934,42926687293.52
002202.SZ,002202,金风科技,2025-07-04,10.03,9.75,10.04,9.74,497842.0,495485545.19,-2.69,qfq,1.11808544,0.70593704,41785919028.83
002202.SZ,002202,金风科技,2025-07-07,9.75,9.77,9.83,9.71,264085.0,261230904.04,0.21,qfq,1.12034648,0.70736462,41870420381.77
002202.SZ,002202,金风科技,2025-07-08,9.78,10.08,10.08,9.76,472657.0,478998244.77,3.17,qfq,1.15539264,0.72949207,43180191352.34
002202.SZ,002202,金风科技,2025-07-09,10.37,10.06,10.61,10.04,538558.0,557280543.02,-0.2,qfq,1.1531316,0.72806449,43095689999.4
002202.SZ,002202,金风科技,2025-07-10,10.02,9.97,10.06,9.92,319536.0,322889294.25,-0.89,qfq,1.14295691,0.72164039,42715433911.17
002202.SZ,002202,金风科技,2025-07-11,9.84,9.81,9.88,9.63,438568.0,434677175.59,-1.6,qfq,1.12486857,0.71021977,42039423087.65
002202.SZ,002202,金风科技,2025-07-14,9.84,9.74,9.88,9.74,317103.0,314863357.26,-0.71,qfq,1.11695492,0.70522325,41743668352.36
002202.SZ,002202,金风科技,2025-07-15,9.75,9.6,9.78,9.56,339288.0,331690596.09,-1.44,qfq,1.10112762,0.69523021,41152158881.78
002202.SZ,002202,金风科技,2025-07-16,9.61,9.58,9.67,9.54,263896.0,256588093.54,-0.21,qfq,1.09886658,0.69380263,41067657528.84
002202.SZ,002202,金风科技,2025-07-17,9.58,9.61,9.62,9.52,267613.0,259794030.71,0.31,qfq,1.10225815,0.695944,41194409558.25
002202.SZ,002202,金风科技,2025-07-18,9.64,9.77,9.84,9.58,455686.0,448758039.58,1.66,qfq,1.12034648,0.70736462,41870420381.77
002202.SZ,002202,金风科技,2025-07-21,9.9,9.83,9.9,9.79,395917.0,395014658.14,0.61,qfq,1.12712961,0.71164735,42123924440.59
002202.SZ,002202,金风科技,2025-07-22,9.86,9.91,9.91,9.75,402359.0,401853931.53,0.81,qfq,1.13617378,0.71735766,42461929852.35
002202.SZ,002202,金风科技,2025-07-23,9.92,9.75,9.95,9.74,353867.0,352333838.57,-1.61,qfq,1.11808544,0.70593704,41785919028.83
002202.SZ,002202,金风科技,2025-07-24,9.79,9.83,9.83,9.7,279403.0,276930688.44,0.82,qfq,1.12712961,0.71164735,42123924440.59
002202.SZ,002202,金风科技,2025-07-25,9.85,9.73,9.85,9.72,300393.0,297591023.4,-1.02,qfq,1.1158244,0.70450946,41701417675.89
002202.SZ,002202,金风科技,2025-07-28,9.72,9.72,9.78,9.62,276872.0,272506007.91,-0.1,qfq,1.11469388,0.70379567,41659166999.42
002202.SZ,002202,金风科技,2025-07-29,9.69,9.69,9.72,9.59,214922.0,210236145.61,-0.31,qfq,1.11130231,0.70165431,41532414970.01
002202.SZ,002202,金风科技,2025-07-30,9.88,9.72,10.15,9.68,683017.0,686519815.41,0.31,qfq,1.11469388,0.70379567,41659166999.42
002202.SZ,002202,金风科技,2025-07-31,9.71,9.49,9.76,9.45,503194.0,488678088.02,-2.37,qfq,1.08869189,0.68737853,40687401440.61
002202.SZ,002202,金风科技,2025-08-01,9.46,9.6,9.73,9.44,396117.0,387191676.11,1.16,qfq,1.10112762,0.69523021,41152158881.78
002202.SZ,002202,金风科技,2025-08-04,9.57,9.49,9.58,9.44,307247.0,295541275.2,-1.15,qfq,1.08869189,0.68737853,40687401440.61
002202.SZ,002202,金风科技,2025-08-05,9.52,9.64,9.65,9.51,275745.0,268525365.65,1.58,qfq,1.10564971,0.69808536,41321161587.66
002202.SZ,002202,金风科技,2025-08-06,9.64,9.63,9.65,9.54,200734.0,195324438.0,-0.1,qfq,1.10451919,0.69737158,41278910911.19
002202.SZ,002202,金风科技,2025-08-07,9.62,9.61,9.79,9.57,334742.0,327695216.54,-0.21,qfq,1.10225815,0.695944,41194409558.25
002202.SZ,002202,金风科技,2025-08-08,9.6,10.01,10.12,9.57,1144035.0,1152832068.51,4.16,qfq,1.14747899,0.72449555,42884436617.05
002202.SZ,002202,金风科技,2025-08-11,10.06,10.11,10.14,9.96,605992.0,618133402.89,1.0,qfq,1.1587842,0.73163343,43306943381.75
002202.SZ,002202,金风科技,2025-08-12,10.08,10.2,10.22,10.01,452287.0,464696746.48,0.89,qfq,1.16895889,0.73805753,43687199469.98
002202.SZ,002202,金风科技,2025-08-13,10.18,10.27,10.34,10.14,456181.0,474595296.73,0.69,qfq,1.17687254,0.74305405,43982954205.27
002202.SZ,002202,金风科技,2025-08-14,10.27,10.08,10.3,10.03,391191.0,402012903.15,-1.85,qfq,1.15539264,0.72949207,43180191352.34
002202.SZ,002202,金风科技,2025-08-15,10.11,10.47,10.52,10.07,641923.0,666907089.62,3.87,qfq,1.18365567,0.74733679,44236458264.09
002202.SZ,002202,金风科技,2025-08-18,10.47,10.4,10.5,10.35,530003.0,552060815.03,-0.67,qfq,1.17574202,0.74234027,43940703528.8
002202.SZ,002202,金风科技,2025-08-19,10.41,10.38,10.48,10.33,392849.0,408752659.35,-0.19,qfq,1.17348098,0.74091269,43856202175.86
002202.SZ,002202,金风科技,2025-08-20,10.38,10.55,10.56,10.27,448250.0,467052518.6,1.64,qfq,1.19269984,0.7530471,44574463675.85
002202.SZ,002202,金风科技,2025-08-21,10.55,10.52,10.62,10.45,414523.0,437136152.13,-0.28,qfq,1.18930828,0.75090573,44447711646.44
002202.SZ,002202,金风科技,2025-08-22,10.47,10.56,10.59,10.43,415191.0,436791177.37,0.38,qfq,1.19383036,0.75376088,44616714352.32
002202.SZ,002202,金风科技,2025-08-25,11.01,11.62,11.62,11.01,1938875.0,2241085064.79,10.04,qfq,1.3136656,0.75491585,49095286058.14
002202.SZ,002202,金风科技,2025-08-26,11.73,11.95,12.15,11.6,2705434.0,3228385840.84,2.84,qfq,1.3509728,0.77635494,50489558381.65
002202.SZ,002202,金风科技,2025-08-27,11.74,11.52,11.9,11.52,1345166.0,1577343779.36,-3.6,qfq,1.30236039,0.74841916,48672779293.44
002202.SZ,002202,金风科技,2025-08-28,11.52,11.46,11.68,11.19,845332.0,966569877.51,-0.52,qfq,1.29557727,0.74452114,48419275234.62
002202.SZ,002202,金风科技,2025-08-29,11.47,11.42,11.56,11.3,629037.0,716862963.81,-0.35,qfq,1.29105518,0.74192246,48250272528.74
002202.SZ,002202,金风科技,2025-09-01,11.41,11.26,11.47,11.14,719402.0,810897966.56,-1.4,qfq,1.27296684,0.73152775,47574261705.22
002202.SZ,002202,金风科技,2025-09-02,11.33,10.99,11.34,10.9,670504.0,742387114.97,-2.4,qfq,1.24244277,0.71398668,46433493440.53
002202.SZ,002202,金风科技,2025-09-03,11.06,11.36,11.42,11.02,966491.0,1087225666.92,3.37,qfq,1.28427205,0.73802444,47996768469.92
002202.SZ,002202,金风科技,2025-09-04,11.31,11.11,11.45,10.94,734245.0,822442446.4,-2.2,qfq,1.25600902,0.72178271,46940501558.17
002202.SZ,002202,金风科技,2025-09-05,11.1,12.22,12.22,11.07,1690798.0,2012463741.69,9.99,qfq,1.38149688,0.79389601,51630326646.34
002202.SZ,002202,金风科技,2025-09-08,12.49,12.28,12.78,12.01,1852615.0,2281899232.19,0.49,qfq,1.38828,0.79779403,51883830705.16
002202.SZ,002202,金风科技,2025-09-09,12.32,12.25,12.56,12.09,955538.0,1175238893.0,-0.24,qfq,1.38488844,0.79584502,51757078675.75
002202.SZ,002202,金风科技,2025-09-10,12.25,12.16,12.38,12.04,714593.0,869485119.06,-0.73,qfq,1.37471375,0.789998,51376822587.52
002202.SZ,002202,金风科技,2025-09-11,12.55,12.52,12.68,11.91,1928634.0,2392346561.82,2.96,qfq,1.41541251,0.8133861,52897846940.44
002202.SZ,002202,金风科技,2025-09-12,12.7,12.36,12.8,12.32,1339127.0,1672424335.48,-1.28,qfq,1.39732417,0.80299139,52221836116.92
002202.SZ,002202,金风科技,2025-09-15,12.37,12.31,12.5,12.19,999642.0,1233734953.27,-0.4,qfq,1.39167157,0.79974304,52010582734.57
002202.SZ,002202,金风科技,2025-09-16,12.37,12.31,12.4,12.11,777825.0,954776942.93,0.0,qfq,1.39167157,0.79974304,52010582734.57
002202.SZ,002202,金风科技,2025-09-17,12.45,13.23,13.44,12.33,1781240.0,2299129888.79,7.47,qfq,1.49567951,0.85951262,55897644969.81
002202.SZ,002202,金风科技,2025-09-18,13.15,13.5,13.81,13.02,2023610.0,2735624110.17,2.04,qfq,1.52620359,0.8770537,57038413234.5
002202.SZ,002202,金风科技,2025-09-19,13.4,13.71,13.98,13.25,1317633.0,1805109539.8,1.56,qfq,1.54994453,0.89069675,57925677440.37
002202.SZ,002202,金风科技,2025-09-22,13.66,13.54,13.71,13.3,1054293.0,1416659538.63,-1.24,qfq,1.53072567,0.87965238,57207415940.38
002202.SZ,002202,金风科技,2025-09-23,13.42,13.12,13.56,12.92,1095044.0,1442446454.03,-3.1,qfq,1.48324378,0.85236626,55432887528.64
002202.SZ,002202,金风科技,2025-09-24,13.11,13.41,13.42,13.01,943888.0,1249011965.71,2.21,qfq,1.51602889,0.87120667,56658157146.27
002202.SZ,002202,金风科技,2025-09-25,13.49,14.07,14.46,13.4,1908427.0,2634586236.04,4.92,qfq,1.59064329,0.91408485,59446701793.29
002202.SZ,002202,金风科技,2025-09-26,14.06,14.34,14.76,13.9,1893562.0,2736112193.44,1.92,qfq,1.62116736,0.93162593,60587470057.98
002202.SZ,002202,金风科技,2025-09-29,14.7,14.57,15.23,14.15,2048846.0,3012952043.4,1.6,qfq,1.64716935,0.94656832,61559235616.79
002202.SZ,002202,金风科技,2025-09-30,14.5,14.97,15.1,14.41,1415242.0,2093284132.41,2.75,qfq,1.64690364,0.9725551,63249262675.59
002202.SZ,002202,金风科技,2025-10-09,15.2,16.24,16.47,15.02,1954909.0,3139884697.12,8.48,qfq,1.78662092,1.05506311,68615098587.28
002202.SZ,002202,金风科技,2025-10-10,16.25,15.94,16.27,15.72,1709220.0,2724946013.85,-1.85,qfq,1.75361684,1.03557303,67347578293.18
002202.SZ,002202,金风科技,2025-10-13,15.3,17.18,17.19,15.3,2100914.0,3426581746.23,7.78,qfq,1.8900337,1.11613204,72586662175.46
002202.SZ,002202,金风科技,2025-10-14,17.18,16.5,18.5,16.41,2637078.0,4577681103.49,-3.96,qfq,1.81522445,1.07195452,69713616175.5
002202.SZ,002202,金风科技,2025-10-15,16.9,16.73,16.99,16.01,1869569.0,3088397073.26,1.39,qfq,1.84052758,1.08689692,70685381734.31
002202.SZ,002202,金风科技,2025-10-16,16.58,16.0,16.66,15.95,1820793.0,2946123552.08,-4.36,qfq,1.76021765,1.03947105,67601082352.0
002202.SZ,002202,金风科技,2025-10-17,16.0,14.9,16.05,14.85,1880088.0,2870807230.8,-6.88,qfq,1.63920269,0.96800741,62953507940.3
002202.SZ,002202,金风科技,2025-10-20,15.31,14.5,15.43,14.34,1976587.0,2893196243.56,-2.68,qfq,1.59519725,0.94202064,61263480881.5
002202.SZ,002202,金风科技,2025-10-21,14.66,14.83,15.15,14.51,1498318.0,2233713735.69,2.28,qfq,1.63150174,0.96345973,62657753205.01
002202.SZ,002202,金风科技,2025-10-22,14.94,15.07,15.38,14.65,2022231.0,3050333063.48,1.62,qfq,1.657905,0.97905179,63671769440.29
002202.SZ,002202,金风科技,2025-10-23,14.9,15.25,15.26,14.6,1367170.0,2036871850.46,1.19,qfq,1.67770745,0.99074584,64432281616.75
002202.SZ,002202,金风科技,2025-10-24,15.15,15.83,15.97,15.08,1779304.0,2780311039.56,3.8,qfq,1.74151534,1.02842667,66882820852.01
002202.SZ,002202,金风科技,2025-10-27,16.0,15.57,16.04,15.22,2034513.0,3166356539.02,-1.64,qfq,1.7129118,0.9533032,65784303263.79
002202.SZ,002202,金风科技,2025-10-28,15.58,14.97,15.6,14.88,1650843.0,2498289281.33,-3.85,qfq,1.64690364,0.91656705,63249262675.59
002202.SZ,002202,金风科技,2025-10-29,14.84,15.67,15.68,14.82,1569887.0,2421131011.65,4.68,qfq,1.72391316,0.95942589,66206810028.49
002202.SZ,002202,金风科技,2025-10-30,15.68,16.38,16.93,15.52,2303511.0,3788914999.06,4.53,qfq,1.80202282,1.00289701,69206608057.86
002202.SZ,002202,金风科技,2025-10-31,16.32,15.7,16.64,15.65,1701837.0,2720959340.75,-4.15,qfq,1.72721357,0.9612627,66333562057.9
002202.SZ,002202,金风科技,2025-11-03,15.87,16.79,16.97,15.49,2225279.0,3622087330.19,6.94,qfq,1.8471284,1.02800005,70938885793.13
002202.SZ,002202,金风科技,2025-11-04,16.63,16.22,16.67,16.01,1539449.0,2502677103.53,-3.39,qfq,1.78442065,0.9931007,68530597234.34
002202.SZ,002202,金风科技,2025-11-05,15.8,16.77,16.93,15.7,1741496.0,2883355327.08,3.39,qfq,1.84492813,1.02677551,70854384440.19
002202.SZ,002202,金风科技,2025-11-06,16.75,16.93,17.55,16.52,1978909.0,3365555868.37,0.95,qfq,1.8625303,1.03657182,71530395263.71
002202.SZ,002202,金风科技,2025-11-07,16.71,16.66,17.09,16.53,1217865.0,2044834330.51,-1.59,qfq,1.83282663,1.02004055,70389626999.02
002202.SZ,002202,金风科技,2025-11-10,16.4,15.6,16.5,15.46,1943292.0,3076428104.09,-6.36,qfq,1.71621221,0.95514001,65911055293.2
002202.SZ,002202,金风科技,2025-11-11,15.7,15.53,15.96,15.41,994311.0,1558387845.85,-0.45,qfq,1.70851126,0.95085412,65615300557.91
002202.SZ,002202,金风科技,2025-11-12,15.41,14.98,15.49,14.8,1149336.0,1723826909.34,-3.54,qfq,1.64800378,0.91717932,63291513352.06
002202.SZ,002202,金风科技,2025-11-13,15.05,15.35,15.54,15.05,898415.0,1374591522.29,2.47,qfq,1.68870881,0.93983328,64854788381.45
002202.SZ,002202,金风科技,2025-11-14,15.12,15.2,15.62,14.98,720283.0,1103452699.51,-0.98,qfq,1.67220677,0.93064924,64221028234.4
002202.SZ,002202,金风科技,2025-11-17,15.13,14.92,15.18,14.8,669057.0,999582632.36,-1.84,qfq,1.64140296,0.9135057,63038009293.24
002202.SZ,002202,金风科技,2025-11-18,14.97,14.69,15.03,14.58,621297.0,915691015.36,-1.54,qfq,1.61609983,0.89942351,62066243734.43
002202.SZ,002202,金风科技,2025-11-19,14.69,14.89,14.94,14.56,652729.0,963934147.8,1.36,qfq,1.63810255,0.91166889,62911257263.83
002202.SZ,002202,金风科技,2025-11-20,14.89,14.76,15.22,14.75,551057.0,824392257.48,-0.87,qfq,1.62380078,0.90370939,62361998469.72
002202.SZ,002202,金风科技,2025-11-21,14.55,14.28,14.76,14.27,763695.0,1105389869.63,-3.25,qfq,1.57099426,0.87432047,60333965999.16
002202.SZ,002202,金风科技,2025-11-24,14.1,14.73,15.0,13.96,893233.0,1312247241.49,3.15,qfq,1.62050038,0.90187259,62235246440.31
002202.SZ,002202,金风科技,2025-11-25,14.8,14.88,15.02,14.7,666049.0,992421710.51,1.02,qfq,1.63700242,0.91105662,62869006587.36
002202.SZ,002202,金风科技,2025-11-26,15.0,15.4,15.58,14.91,1061515.0,1625687576.84,3.49,qfq,1.69420949,0.94289462,65066041763.8
002202.SZ,002202,金风科技,2025-11-27,15.37,15.19,15.46,15.12,657347.0,1005830896.21,-1.36,qfq,1.67110663,0.93003697,64178777557.93
002202.SZ,002202,金风科技,2025-11-28,15.27,15.41,15.56,15.18,721192.0,1110991648.82,1.45,qfq,1.69530963,0.94350689,65108292440.27
002202.SZ,002202,金风科技,2025-12-01,15.4,15.04,15.4,14.8,961373.0,1439310536.58,-2.4,qfq,1.65460459,0.92085293,63545017410.88
002202.SZ,002202,金风科技,2025-12-02,15.01,15.67,16.06,14.73,1363429.0,2099983847.55,4.19,qfq,1.72391316,0.95942589,66206810028.49
002202.SZ,002202,金风科技,2025-12-03,15.52,15.29,16.39,15.1,2070595.0,3268837758.98,-2.43,qfq,1.68210799,0.93615966,64601284322.63
002202.SZ,002202,金风科技,2025-12-04,14.9,15.03,15.36,14.58,1205528.0,1799862501.5,-1.7,qfq,1.65350446,0.92024066,63502766734.41
002202.SZ,002202,金风科技,2025-12-05,15.02,15.85,16.38,14.99,1734387.0,2748554059.15,5.46,qfq,1.74371561,0.97044674,66967322204.95
002202.SZ,002202,金风科技,2025-12-08,16.11,15.9,16.27,15.75,1056746.0,1682534080.59,0.32,qfq,1.74921629,0.97350809,67178575587.3
002202.SZ,002202,金风科技,2025-12-09,15.78,15.59,15.97,15.51,723725.0,1134528162.99,-1.95,qfq,1.71511208,0.95452774,65868804616.73
002202.SZ,002202,金风科技,2025-12-10,15.51,15.44,15.58,15.3,518727.0,799283325.61,-0.96,qfq,1.69861003,0.9453437,65235044469.68
002202.SZ,002202,金风科技,2025-12-11,15.76,16.98,16.98,15.7,2424564.0,4057598261.21,9.97,qfq,1.86803098,1.03963316,71741648646.06
002202.SZ,002202,金风科技,2025-12-12,16.82,16.98,16.98,16.4,2644377.0,4424595292.88,0.0,qfq,1.86803098,1.03963316,71741648646.06
002202.SZ,002202,金风科技,2025-12-15,17.1,17.5,17.95,16.82,2574733.0,4485911624.24,3.06,qfq,1.92523806,1.07147116,73938683822.5
002202.SZ,002202,金风科技,2025-12-16,17.2,16.39,17.28,16.25,1721331.0,2857462270.76,-6.34,qfq,1.80312296,1.00350928,69248858734.33
002202.SZ,002202,金风科技,2025-12-17,16.31,16.52,16.58,16.12,1101857.0,1801866298.2,0.79,qfq,1.81742473,1.01146878,69798117528.44
002202.SZ,002202,金风科技,2025-12-18,16.37,16.53,17.08,16.05,1223868.0,2031002386.68,0.06,qfq,1.81852486,1.01208105,69840368204.91
002202.SZ,002202,金风科技,2025-12-19,16.42,16.2,16.75,16.06,1242108.0,2025442352.35,-2.0,qfq,1.78222037,0.99187616,68446095881.4
002202.SZ,002202,金风科技,2025-12-22,16.51,16.89,17.19,16.51,1594487.0,2684861427.81,4.26,qfq,1.85812976,1.03412274,71361392557.83
002202.SZ,002202,金风科技,2025-12-23,17.41,17.05,17.85,16.77,1943362.0,3358660548.34,0.95,qfq,1.87573194,1.04391905,72037403381.35
002202.SZ,002202,金风科技,2025-12-24,16.77,17.43,17.7,16.61,1523708.0,2644136723.97,2.23,qfq,1.91753711,1.06718528,73642929087.21
002202.SZ,002202,金风科技,2025-12-25,17.69,19.17,19.17,17.56,2665276.0,4982980388.87,9.98,qfq,2.10896078,1.17372013,80994546792.99
002202.SZ,002202,金风科技,2025-12-26,19.95,19.69,20.39,19.42,3506219.0,6952541636.3,2.71,qfq,2.16616785,1.20555813,83191581969.43
002202.SZ,002202,金风科技,2025-12-29,21.0,21.66,21.66,20.52,2203865.0,4670287376.56,10.01,qfq,2.38289465,1.32617517,91514965234.02
002202.SZ,002202,金风科技,2025-12-30,22.01,20.2,22.78,19.54,6827394.0,14441032116.14,-6.74,qfq,2.22227479,1.23678386,85346366469.4
002202.SZ,002202,金风科技,2025-12-31,19.6,20.4,20.88,19.45,4279626.0,8620825356.11,0.99,qfq,2.22180209,1.24902924,86191379998.8
002202.SZ,002202,金风科技,2026-01-05,22.44,21.82,22.44,21.69,6487827.0,14418140742.79,6.96,qfq,2.37645694,1.33597147,92190976057.54
002202.SZ,002202,金风科技,2026-01-06,21.21,24.0,24.0,20.8,6176228.0,13663631128.28,9.99,qfq,2.61388481,1.46944617,101401623528.0
002202.SZ,002202,金风科技,2026-01-07,24.5,26.4,26.4,23.81,6801731.0,16845815443.14,10.0,qfq,2.8752733,1.61639079,111541785880.8
002202.SZ,002202,金风科技,2026-01-08,26.0,29.04,29.04,25.53,6081267.0,16759890677.63,10.0,qfq,3.16280063,1.77802986,122695964468.88
002202.SZ,002202,金风科技,2026-01-09,31.94,31.94,31.94,30.74,5632929.0,17893128946.1,9.99,qfq,3.47864504,1.95558794,134948660645.18
002202.SZ,002202,金风科技,2026-01-12,33.99,35.13,35.13,33.55,3796194.0,13189513602.71,9.99,qfq,3.8260739,2.15090183,148426626439.11
002202.SZ,002202,金风科技,2026-01-13,36.0,33.95,37.03,31.62,8963325.0,30088791029.09,-3.36,qfq,3.69755789,2.07865406,143441046615.65
002202.SZ,002202,金风科技,2026-01-14,34.47,33.38,35.55,32.63,7550424.0,25760095916.05,-1.68,qfq,3.63547813,2.04375471,141032758056.86
002202.SZ,002202,金风科技,2026-01-15,30.39,30.04,31.62,30.04,1807170.0,5476993213.23,-10.01,qfq,3.27171249,1.83925679,126921032115.88
002202.SZ,002202,金风科技,2026-01-16,27.04,27.04,27.04,27.04,690435.0,1866936240.0,-9.99,qfq,2.94497689,1.65557602,114245829174.88
002202.SZ,002202,金风科技,2026-01-19,24.34,27.7,28.51,24.34,7116452.0,18598306971.45,2.44,qfq,3.01685872,1.69598579,117034373821.9
002202.SZ,002202,金风科技,2026-01-20,26.93,26.06,27.33,25.65,4990954.0,13149514163.99,-5.92,qfq,2.83824326,1.59557363,110105262880.82
002202.SZ,002202,金风科技,2026-01-21,25.94,25.45,26.58,25.38,3336930.0,8667470983.33,-2.34,qfq,2.77180702,1.55822521,107527971616.15
002202.SZ,002202,金风科技,2026-01-22,25.63,26.89,27.19,25.34,4304908.0,11402478112.74,5.66,qfq,2.92864011,1.64639198,113612069027.83
002202.SZ,002202,金风科技,2026-01-23,27.69,29.58,29.58,27.69,3489662.0,10056922132.57,10.0,qfq,3.22161303,1.8110924,124977500998.26
002202.SZ,002202,金风科技,2026-01-26,29.79,28.4,30.53,28.01,5769714.0,16880314060.74,-3.99,qfq,3.09309703,1.73884463,119991921174.8
002202.SZ,002202,金风科技,2026-01-27,28.24,28.59,29.49,28.09,3403807.0,9808694858.55,0.67,qfq,3.11379029,1.75047775,120794684027.73
002202.SZ,002202,金风科技,2026-01-28,28.31,27.71,28.76,27.25,3081180.0,8563373069.59,-3.08,qfq,3.01794784,1.69659806,117076624498.37
002202.SZ,002202,金风科技,2026-01-29,27.48,26.9,28.47,26.81,2898894.0,8010026963.68,-2.92,qfq,2.92972923,1.64700425,113654319704.3
002202.SZ,002202,金风科技,2026-01-30,26.91,26.11,27.63,25.78,2381310.0,6292249482.74,-2.94,qfq,2.84368885,1.59863498,110316516263.17
002202.SZ,002202,金风科技,2026-02-02,26.1,25.63,26.8,25.53,2073522.0,5407860212.11,-1.84,qfq,2.79141116,1.56924605,108288483792.61
002202.SZ,002202,金风科技,2026-02-03,26.01,27.16,27.4,25.47,3248801.0,8647014287.65,5.97,qfq,2.95804631,1.66292325,114752837292.52
002202.SZ,002202,金风科技,2026-02-04,26.81,27.28,27.97,26.66,2976868.0,8107434233.8,0.44,qfq,2.97111574,1.67027048,115259845410.16
002202.SZ,002202,金风科技,2026-02-05,25.53,24.82,25.94,24.56,3514464.0,8820903598.43,-9.02,qfq,2.70319255,1.51965225,104866178998.54
002202.SZ,002202,金风科技,2026-02-06,24.76,25.51,26.07,24.76,2428441.0,6215858257.09,2.78,qfq,2.77834173,1.56189882,107781475674.97
002202.SZ,002202,金风科技,2026-02-09,26.02,26.19,26.58,25.43,2255275.0,5857402781.78,2.67,qfq,2.8524018,1.60353313,110654521674.93
002202.SZ,002202,金风科技,2026-02-10,26.2,25.67,26.33,25.52,1432205.0,3694226315.17,-1.99,qfq,2.79576763,1.57169513,108457486498.49
002202.SZ,002202,金风科技,2026-02-11,25.65,25.46,26.13,25.4,1337457.0,3442629686.65,-0.82,qfq,2.77289614,1.55883748,107570222292.62
002202.SZ,002202,金风科技,2026-02-12,25.2,25.13,25.6,25.05,1257804.0,3178851988.51,-1.3,qfq,2.73695522,1.53863259,106175949969.11
002202.SZ,002202,金风科技,2026-02-13,25.05,24.9,25.29,24.85,1007794.0,2521739349.9,-0.92,qfq,2.71190549,1.5245504,105204184410.3
002202.SZ,002202,金风科技,2026-02-24,25.23,26.08,26.65,25.03,2290205.0,5985785735.77,4.74,qfq,2.8404215,1.59679817,110189764233.76
002202.SZ,002202,金风科技,2026-02-25,26.2,27.26,27.57,26.08,2608005.0,7059322404.23,4.52,qfq,2.9689375,1.66904594,115175344057.22
002202.SZ,002202,金风科技,2026-02-26,27.0,28.38,28.73,26.62,3370775.0,9473116841.11,4.11,qfq,3.08998312,1.73709409,119871121801.86
002202.SZ,002202,金风科技,2026-02-27,28.0,28.45,28.99,27.88,2618153.0,7448061534.47,0.25,qfq,3.09760464,1.74137867,120166787007.15
002202.SZ,002202,金风科技,2026-03-02,28.08,28.11,29.58,28.07,3120822.0,8961568263.41,-1.2,qfq,3.06058582,1.72056782,118730698867.17
002202.SZ,002202,金风科技,2026-03-03,28.12,26.33,28.25,26.26,2601843.0,7017266615.81,-6.33,qfq,2.86678138,1.61161689,111212355075.51
002202.SZ,002202,金风科技,2026-03-04,25.87,27.01,27.98,25.87,2119125.0,5751431236.03,2.58,qfq,2.94081903,1.65323859,114084531355.47
002202.SZ,002202,金风科技,2026-03-05,27.6,28.0,28.15,27.11,2415127.0,6698631898.55,3.67,qfq,3.04860914,1.7138349,118266082116.0
002202.SZ,002202,金风科技,2026-03-06,27.88,28.47,28.98,27.72,2465203.0,7030157732.36,1.68,qfq,3.09978222,1.74260284,120251262780.09
002202.SZ,002202,金风科技,2026-03-09,27.7,28.47,28.58,27.5,1972762.0,5538672034.99,0.0,qfq,3.09978222,1.74260284,120251262780.09
002202.SZ,002202,金风科技,2026-03-10,28.59,28.48,29.2,28.23,2010059.0,5763492940.55,0.04,qfq,3.10087101,1.74321493,120293500666.56
002202.SZ,002202,金风科技,2026-03-11,28.51,30.24,31.0,27.82,4343929.0,12789875618.93,6.18,qfq,3.29249787,1.85094169,127727368685.28
002202.SZ,002202,金风科技,2026-03-12,29.94,31.29,33.0,29.15,4781429.0,14690731957.48,3.47,qfq,3.40682071,1.9152105,132162346764.63
002202.SZ,002202,金风科技,2026-03-13,31.35,31.43,32.68,31.0,3941956.0,12534772375.98,0.45,qfq,3.42206376,1.92377967,132753677175.21
002202.SZ,002202,金风科技,2026-03-16,31.9,31.01,33.3,29.39,4496377.0,14402035938.7,-1.34,qfq,3.37633462,1.89807215,130979685943.47
002202.SZ,002202,金风科技,2026-03-17,30.01,28.55,30.7,28.5,3216179.0,9517518280.43,-7.93,qfq,3.10849253,1.74749951,120589165871.85
002202.SZ,002202,金风科技,2026-03-18,28.56,31.0,31.41,28.2,4543151.0,13679729835.26,8.58,qfq,3.37524583,1.89746007,130937448057.0
002202.SZ,002202,金风科技,2026-03-19,30.0,29.81,31.17,29.65,3161139.0,9581179569.88,-3.84,qfq,3.24567994,1.82462208,125911139567.07
002202.SZ,002202,金风科技,2026-03-20,29.9,29.2,30.39,29.15,2412637.0,7170964097.78,-2.05,qfq,3.17926382,1.78728497,123334628492.4
002202.SZ,002202,金风科技,2026-03-23,28.4,27.41,29.08,27.3,2435664.0,6853876678.32,-6.13,qfq,2.98437059,1.67772195,115774046814.27
002202.SZ,002202,金风科技,2026-03-24,28.08,27.58,28.23,27.04,2044648.0,5646815711.88,0.62,qfq,3.00288,1.68812738,116492090884.26
002202.SZ,002202,金风科技,2026-03-25,27.85,28.31,28.78,27.83,1977758.0,5607516975.21,2.65,qfq,3.0823616,1.7328095,119575456596.57
002202.SZ,002202,金风科技,2026-03-26,28.61,28.13,28.75,27.38,2113751.0,5946385535.03,-0.64,qfq,3.06276339,1.72179199,118815174640.11
002202.SZ,002202,金风科技,2026-03-27,27.4,27.45,27.95,27.05,1468402.0,4039467188.46,-2.42,qfq,2.98872574,1.68017029,115942998360.15
002202.SZ,002202,金风科技,2026-03-30,27.46,27.72,28.36,27.46,1939899.0,5414551196.17,0.98,qfq,3.01812305,1.60336682,117083421294.84
002202.SZ,002202,金风科技,2026-03-31,27.75,26.3,27.98,26.0,2631421.0,7121209519.9,-5.12,qfq,2.79353765,1.52123187,111085641416.1
002202.SZ,002202,金风科技,2026-04-01,26.53,25.42,26.61,25.05,2211044.0,5634329609.94,-3.35,qfq,2.70006567,1.47033133,107368707406.74
002202.SZ,002202,金风科技,2026-04-02,25.4,24.01,25.69,23.9,2345841.0,5765785963.36,-5.55,qfq,2.55029806,1.3887748,101413165414.47
002202.SZ,002202,金风科技,2026-04-03,23.9,24.22,24.44,22.93,2421140.0,5712791331.26,0.87,qfq,2.57260387,1.40092151,102300161030.34
002202.SZ,002202,金风科技,2026-04-07,23.84,22.89,23.84,22.8,2285768.0,5296895007.59,-5.49,qfq,2.43133372,1.3239923,96682522129.83
002202.SZ,002202,金风科技,2026-04-08,23.2,23.84,23.86,23.2,2777689.0,6560648060.51,4.15,qfq,2.53224097,1.37894174,100695121344.48
002202.SZ,002202,金风科技,2026-04-09,23.42,23.84,24.2,23.01,2132337.0,5058621263.18,0.0,qfq,2.53224097,1.37894174,100695121344.48
002202.SZ,002202,金风科技,2026-04-10,24.02,24.07,24.77,24.01,2016803.0,4906922880.63,0.96,qfq,2.55667115,1.39224529,101666592733.29
002202.SZ,002202,金风科技,2026-04-13,23.79,24.14,24.3,23.7,1225553.0,2951494454.81,0.29,qfq,2.56410642,1.39629419,101962257938.58
002202.SZ,002202,金风科技,2026-04-14,24.35,25.3,25.34,24.1,2797037.0,6936841260.07,4.81,qfq,2.68731949,1.46339035,106861852769.1
002202.SZ,002202,金风科技,2026-04-15,25.43,25.02,25.95,24.84,2581314.0,6555546967.64,-1.11,qfq,2.6575784,1.44719473,105679191947.94
002202.SZ,002202,金风科技,2026-04-16,25.1,24.99,25.2,24.8,1536268.0,3830583494.71,-0.12,qfq,2.65439186,1.44545948,105552478288.53
002202.SZ,002202,金风科技,2026-04-17,24.99,25.39,25.6,24.8,1763846.0,4465281962.27,1.6,qfq,2.69687912,1.46859609,107241993747.33
002202.SZ,002202,金风科技,2026-04-20,25.14,26.59,26.95,25.03,2803097.0,7312219053.96,4.73,qfq,2.82434092,1.53800591,112310540123.73
002202.SZ,002202,金风科技,2026-04-21,26.4,26.13,26.69,25.89,1808333.0,4730705962.37,-1.73,qfq,2.77548056,1.51139881,110367597346.11
002202.SZ,002202,金风科技,2026-04-22,25.88,26.23,26.37,25.69,1588431.0,4128754022.34,0.38,qfq,2.78610238,1.51718296,110789976210.81
002202.SZ,002202,金风科技,2026-04-23,26.45,25.7,26.49,25.44,1585717.0,4099406423.81,-2.02,qfq,2.72980675,1.48652696,108551368227.9
002202.SZ,002202,金风科技,2026-04-24,25.66,25.48,26.2,25.25,1582156.0,4069678260.58,-0.86,qfq,2.70643876,1.47380182,107622134725.56
002202.SZ,002202,金风科技,2026-04-27,26.21,26.53,26.98,26.21,2412312.0,6418259785.51,4.12,qfq,2.81796783,1.41779328,112057112804.91
002202.SZ,002202,金风科技,2026-04-28,26.45,25.51,26.5,25.4,1763623.0,4540471711.03,-3.84,qfq,2.7096253,1.36328332,107748848384.97
002202.SZ,002202,金风科技,2026-04-29,25.23,25.73,25.89,25.07,1292192.0,3316064726.63,0.86,qfq,2.7329933,1.37504037,108678081887.31
002202.SZ,002202,金风科技,2026-04-30,26.51,27.55,28.18,26.2,3493626.0,9489163559.8,7.07,qfq,2.92631035,1.47230324,116365377224.85
002202.SZ,002202,金风科技,2026-05-06,28.0,27.94,28.35,27.7,3050494.0,8560143217.49,1.42,qfq,2.96773543,1.49314528,118012654797.18
002202.SZ,002202,金风科技,2026-05-07,27.95,28.46,28.68,27.84,2650063.0,7482581451.74,1.86,qfq,3.02296888,1.52093467,120209024893.62
002202.SZ,002202,金风科技,2026-05-08,28.09,28.49,28.92,28.01,2366480.0,6728896828.81,0.11,qfq,3.02615542,1.5225379,120335738553.03
002202.SZ,002202,金风科技,2026-05-11,28.9,28.16,28.99,28.0,2246451.0,6366680745.65,-1.16,qfq,2.99110343,1.50490233,118941888299.52
002202.SZ,002202,金风科技,2026-05-12,28.06,27.27,28.07,27.01,1946375.0,5332489149.84,-3.16,qfq,2.89656927,1.45733972,115182716403.69
002202.SZ,002202,金风科技,2026-05-13,27.07,27.8,27.94,26.88,1761552.0,4870902978.7,1.94,qfq,2.95286489,1.48566352,117421324386.6
002202.SZ,002202,金风科技,2026-05-14,27.95,26.03,28.0,25.98,2302553.0,6157468712.47,-6.37,qfq,2.76485875,1.39107271,109945218481.41
002202.SZ,002202,金风科技,2026-05-15,25.9,25.09,26.35,24.83,1736128.0,4393904462.03,-3.61,qfq,2.66501367,1.34083805,105974857153.23
002202.SZ,002202,金风科技,2026-05-18,25.0,25.79,26.3,25.0,1462306.0,3776764679.35,2.79,qfq,2.73936639,1.37824684,108931509206.13
002202.SZ,002202,金风科技,2026-05-19,25.56,25.42,25.73,25.13,1042342.0,2640378318.54,-1.43,qfq,2.70006567,1.35847362,107368707406.74
002202.SZ,002202,金风科技,2026-05-20,25.2,25.3,25.36,24.69,1158381.0,2894266691.5,-0.47,qfq,2.68731949,1.35206069,106861852769.1
002202.SZ,002202,金风科技,2026-05-21,25.49,24.73,26.09,24.61,1779915.0,4533514849.21,-2.25,qfq,2.62677514,1.32159924,104454293240.31
002202.SZ,002202,金风科技,2026-05-22,24.74,25.2,25.25,24.3,1171680.0,2906885850.65,1.9,qfq,2.67669767,1.34671657,106439473904.4
002202.SZ,002202,金风科技,2026-05-25,25.2,24.88,25.28,24.3,1547898.0,3820844183.92,-1.27,qfq,2.64270786,1.32961541,105087861537.36
002202.SZ,002202,金风科技,2026-05-26,24.68,24.51,24.75,23.75,1479360.0,3576076377.25,-1.49,qfq,2.60340714,1.30984219,103525059737.97
002202.SZ,002202,金风科技,2026-05-27,24.67,23.6,24.96,23.45,1382654.0,3325138800.85,-3.71,qfq,2.50674861,1.26121076,99681412069.2
002202.SZ,002202,金风科技,2026-05-28,23.6,24.3,24.46,23.48,1336150.0,3210932164.71,2.97,qfq,2.58110133,1.29861955,102638064122.1
002202.SZ,002202,金风科技,2026-05-29,24.15,23.42,24.26,23.32,1387422.0,3276030929.63,-3.62,qfq,2.48762934,1.25159135,98921130112.74
002202.SZ,002202,金风科技,2026-06-01,23.88,23.46,24.08,23.37,1015201.0,2406303571.85,0.17,qfq,2.49187807,1.253729,99090081658.62
002202.SZ,002202,金风科技,2026-06-02,23.23,23.24,23.39,22.36,1147135.0,2632826253.66,-0.94,qfq,2.46851007,1.24197195,98160848156.28
002202.SZ,002202,金风科技,2026-06-03,23.1,23.61,24.03,22.8,1241902.0,2926844096.85,1.59,qfq,2.50781079,1.26174517,99723649955.67
002202.SZ,002202,金风科技,2026-06-04,23.35,23.63,23.75,23.2,791043.0,1864277505.5,0.08,qfq,2.50993516,1.26281399,99808125728.61
002202.SZ,002202,金风科技,2026-06-05,23.85,23.0,23.95,22.97,1164389.0,2713196329.79,-2.67,qfq,2.44301772,1.22914608,97147138881.0
002202.SZ,002202,金风科技,2026-06-08,22.17,21.69,22.98,21.58,1211201.0,2677321658.26,-5.7,qfq,2.30387192,1.15913819,91613975753.43
002202.SZ,002202,金风科技,2026-06-09,21.93,22.0,22.08,21.26,1018540.0,2201391717.27,1.43,qfq,2.33679955,1.17570494,92923350234.0
002202.SZ,002202,金风科技,2026-06-10,22.0,21.25,22.29,21.03,1053771.0,2256839231.9,-3.41,qfq,2.25713593,1.13562409,89755508748.75
002202.SZ,002202,金风科技,2026-06-11,21.01,21.13,21.28,20.8,842004.0,1770083900.26,-0.56,qfq,2.24438975,1.12921116,89248654111.11
002202.SZ,002202,金风科技,2026-06-12,21.56,21.43,22.3,21.3,1697071.0,3712737599.62,1.42,qfq,2.2762552,1.1452435,90515790705.21
002202.SZ,002202,金风科技,2026-06-15,21.53,21.34,21.66,20.91,1293343.0,2735836517.53,-0.42,qfq,2.26669557,1.1404338,90135649726.98
002202.SZ,002202,金风科技,2026-06-16,21.69,21.77,22.41,21.39,1443310.0,3155651561.74,2.01,qfq,2.31236938,1.16341348,91951878845.19
002202.SZ,002202,金风科技,2026-06-17,21.67,21.98,22.1,21.42,1058409.0,2309292632.12,0.96,qfq,2.33467519,1.17463612,92838874461.06
002202.SZ,002202,金风科技,2026-06-18,21.89,22.49,23.05,21.83,1441352.0,3248126039.68,2.32,qfq,2.38884645,1.2018911,94993006671.03
002202.SZ,002202,金风科技,2026-06-22,22.49,22.94,22.95,21.66,1494541.0,3322382657.31,2.0,qfq,2.43664463,1.22593961,96893711562.18
002202.SZ,002202,金风科技,2026-06-23,22.63,21.75,23.05,21.64,1335052.0,2971452577.15,-5.19,qfq,2.31024501,1.16234466,91867403072.25
002202.SZ,002202,金风科技,2026-06-24,21.55,22.2,22.42,21.04,1191123.0,2590827673.21,2.07,qfq,2.35804319,1.18639317,93768107963.4
002202.SZ,002202,金风科技,2026-06-25,22.0,21.9,22.66,21.58,1299602.0,2869869031.08,-1.35,qfq,2.32617774,1.17036083,92500971369.3
002202.SZ,002202,金风科技,2026-06-26,22.51,23.33,23.9,22.26,3029974.0,7015099784.47,6.53,qfq,2.47806971,1.24678165,98540989134.51
002202.SZ,002202,金风科技,2026-06-29,22.76,21.73,22.84,21.38,2275479.0,5002676946.28,-6.86,qfq,2.30812065,1.16127584,91782927299.31
002202.SZ,002202,金风科技,2026-06-30,22.89,23.9,23.9,22.89,2060240.0,4875022658.62,9.99,qfq,2.53861406,1.2772431,100948548663.3
